<?xml version="1.0" encoding="utf-8"?><feed xmlns="http://www.w3.org/2005/Atom" xml:lang="en"><generator uri="https://jekyllrb.com/" version="4.3.3">Jekyll</generator><link href="http://localhost:4000/feed.xml" rel="self" type="application/atom+xml" /><link href="http://localhost:4000/" rel="alternate" type="text/html" hreflang="en" /><updated>2024-07-14T15:07:08+02:00</updated><id>http://localhost:4000/feed.xml</id><title type="html">blank</title><entry><title type="html">Clifford-Steerable CNNs</title><link href="http://localhost:4000/blog/2024/cscnns/" rel="alternate" type="text/html" title="Clifford-Steerable CNNs" /><published>2024-06-07T01:59:59+02:00</published><updated>2024-06-07T01:59:59+02:00</updated><id>http://localhost:4000/blog/2024/cscnns</id><content type="html" xml:base="http://localhost:4000/blog/2024/cscnns/"><![CDATA[<p>Redirecting…</p>

<script>
    window.location.href = "/blog/cscnns.html";
</script>]]></content><author><name></name></author><category term="deeplearning" /><category term="equivariance" /><category term="cliffordalgerba" /><summary type="html"><![CDATA[Using Clifford algebra allows us to generalize E(n)-equivariant CNNs to E(p,q), which now includes isometries of spacetime!]]></summary><media:thumbnail xmlns:media="http://search.yahoo.com/mrss/" url="http://localhost:4000/clifford_steerable.png" /><media:content medium="image" url="http://localhost:4000/clifford_steerable.png" xmlns:media="http://search.yahoo.com/mrss/" /></entry><entry><title type="html">Implicit Kernels for Steerable CNNs</title><link href="http://localhost:4000/blog/2023/implicit_kernels/" rel="alternate" type="text/html" title="Implicit Kernels for Steerable CNNs" /><published>2023-10-10T01:59:59+02:00</published><updated>2023-10-10T01:59:59+02:00</updated><id>http://localhost:4000/blog/2023/implicit_kernels</id><content type="html" xml:base="http://localhost:4000/blog/2023/implicit_kernels/"><![CDATA[<p>Redirecting…</p>

<script>
    window.location.href = "/blog/implicit_kernels.html";
</script>]]></content><author><name></name></author><category term="deeplearning" /><category term="equivariance" /><category term="steerableCNNs" /><summary type="html"><![CDATA[Using implicit parameterization of G-steerable kernels greatly simplifies the design of steerable CNNs. Let me show you how.]]></summary><media:thumbnail xmlns:media="http://search.yahoo.com/mrss/" url="http://localhost:4000/inf_kernels.png" /><media:content medium="image" url="http://localhost:4000/inf_kernels.png" xmlns:media="http://search.yahoo.com/mrss/" /></entry></feed>